<?xml version="1.0" encoding="UTF-8"?>
<!DOCTYPE mapper PUBLIC "-//mybatis.org//DTD Mapper 3.0//EN" "http://mybatis.org/dtd/mybatis-3-mapper.dtd">
<mapper namespace="com.example.damcurvity.dao.BaseStationNodeDao">

    <resultMap type="com.example.damcurvity.entity.BaseStationNode" id="BaseStationNodeMap">
        <result property="id" column="id" jdbcType="INTEGER"/>
        <result property="stationId" column="station_id" jdbcType="INTEGER"/>
        <result property="name" column="name" jdbcType="VARCHAR"/>
        <result property="distance" column="distance" jdbcType="INTEGER"/>
    </resultMap>

    <!-- 批量插入 -->
    <insert id="insertBatch" keyProperty="id" useGeneratedKeys="true">
        insert into damcurvitydb.base_station_node(station_id, name, distance)
        values
        <foreach collection="entities" item="entity" separator=",">
        (#{entity.stationId}, #{entity.name}, #{entity.distance})
        </foreach>
    </insert>
    <!-- 批量插入或按主键更新 -->
    <insert id="insertOrUpdateBatch" keyProperty="id" useGeneratedKeys="true">
        insert into damcurvitydb.base_station_node(station_id, name, distance)
        values
        <foreach collection="entities" item="entity" separator=",">
            (#{entity.stationId}, #{entity.name}, #{entity.distance})
        </foreach>
        on duplicate key update
         station_id = values(station_id) , name = values(name) , distance = values(distance)     </insert>

</mapper>

