<?xml version="1.0" encoding="UTF-8"?>
<!DOCTYPE mapper PUBLIC "-//mybatis.org//DTD Mapper 3.0//EN" "http://mybatis.org/dtd/mybatis-3-mapper.dtd">
<mapper namespace="com.example.damcurvity.dao.BaseAcquisitionEquDao">

    <resultMap type="com.example.damcurvity.entity.BaseAcquisitionEqu" id="BaseAcquisitionEquMap">
        <result property="id" column="id" jdbcType="INTEGER"/>
        <result property="projectId" column="project_id" jdbcType="INTEGER"/>
        <result property="name" column="name" jdbcType="VARCHAR"/>
        <result property="dk" column="dk" jdbcType="INTEGER"/>
        <result property="createTime" column="create_time" jdbcType="VARCHAR"/>
        <result property="operator" column="operator" jdbcType="VARCHAR"/>
    </resultMap>

    <!-- 批量插入 -->
    <insert id="insertBatch" keyProperty="id" useGeneratedKeys="true">
        insert into damcurvitydb.base_acquisition_equ(project_id, name, dk, create_time, operator)
        values
        <foreach collection="entities" item="entity" separator=",">
        (#{entity.projectId}, #{entity.name}, #{entity.dk}, #{entity.createTime}, #{entity.operator})
        </foreach>
    </insert>
    <!-- 批量插入或按主键更新 -->
    <insert id="insertOrUpdateBatch" keyProperty="id" useGeneratedKeys="true">
        insert into damcurvitydb.base_acquisition_equ(project_id, name, dk, create_time, operator)
        values
        <foreach collection="entities" item="entity" separator=",">
            (#{entity.projectId}, #{entity.name}, #{entity.dk}, #{entity.createTime}, #{entity.operator})
        </foreach>
        on duplicate key update
         project_id = values(project_id) , name = values(name) , dk = values(dk) , create_time = values(create_time) , operator = values(operator)     </insert>

</mapper>

