<?xml version="1.0" encoding="UTF-8"?>
<!DOCTYPE mapper PUBLIC "-//mybatis.org//DTD Mapper 3.0//EN" "http://mybatis.org/dtd/mybatis-3-mapper.dtd">
<mapper namespace="com.example.damcurvity.dao.DataPushDao">

    <resultMap type="com.example.damcurvity.entity.DataPush" id="DataPushMap">
        <result property="id" column="id" jdbcType="INTEGER"/>
        <result property="type" column="type" jdbcType="VARCHAR"/>
        <result property="url" column="url" jdbcType="VARCHAR"/>
        <result property="jg" column="jg" jdbcType="INTEGER"/>
        <result property="state" column="state" jdbcType="INTEGER"/>
        <result property="mark" column="mark" jdbcType="VARCHAR"/>
        <result property="projectId" column="project_id" jdbcType="INTEGER"/>
        <result property="createTime" column="create_time" jdbcType="VARCHAR"/>
        <result property="operator" column="operator" jdbcType="VARCHAR"/>
    </resultMap>

    <!-- 批量插入 -->
    <insert id="insertBatch" keyProperty="id" useGeneratedKeys="true">
        insert into damcurvitydb.data_push(type, url, jg, state, mark, project_id, create_time, operator)
        values
        <foreach collection="entities" item="entity" separator=",">
        (#{entity.type}, #{entity.url}, #{entity.jg}, #{entity.state}, #{entity.mark}, #{entity.projectId}, #{entity.createTime}, #{entity.operator})
        </foreach>
    </insert>
    <!-- 批量插入或按主键更新 -->
    <insert id="insertOrUpdateBatch" keyProperty="id" useGeneratedKeys="true">
        insert into damcurvitydb.data_push(type, url, jg, state, mark, project_id, create_time, operator)
        values
        <foreach collection="entities" item="entity" separator=",">
            (#{entity.type}, #{entity.url}, #{entity.jg}, #{entity.state}, #{entity.mark}, #{entity.projectId}, #{entity.createTime}, #{entity.operator})
        </foreach>
        on duplicate key update
         type = values(type) , url = values(url) , jg = values(jg) , state = values(state) , mark = values(mark) , project_id = values(project_id) , create_time = values(create_time) , operator = values(operator)     </insert>

</mapper>

