<?xml version="1.0" encoding="UTF-8"?>
<!DOCTYPE mapper PUBLIC "-//mybatis.org//DTD Mapper 3.0//EN" "http://mybatis.org/dtd/mybatis-3-mapper.dtd">
<mapper namespace="com.example.damcurvity.dao.RoleDao">

    <resultMap type="com.example.damcurvity.entity.Role" id="RoleMap">
        <result property="id" column="id" jdbcType="INTEGER"/>
        <result property="roleName" column="role_name" jdbcType="VARCHAR"/>
        <result property="createTime" column="create_time" jdbcType="VARCHAR"/>
        <result property="operator" column="operator" jdbcType="VARCHAR"/>
        <result property="projectIdList" column="project_id_list" jdbcType="VARCHAR"/>
        <result property="roleInfo" column="role_info" jdbcType="VARCHAR"/>
        <result property="mark1" column="mark1" jdbcType="VARCHAR"/>
        <result property="mark2" column="mark2" jdbcType="VARCHAR"/>
    </resultMap>

    <!-- 批量插入 -->
    <insert id="insertBatch" keyProperty="id" useGeneratedKeys="true">
        insert into damcurvitydb.role(role_name, create_time, operator, project_id_list, role_info, mark1, mark2)
        values
        <foreach collection="entities" item="entity" separator=",">
        (#{entity.roleName}, #{entity.createTime}, #{entity.operator}, #{entity.projectIdList}, #{entity.roleInfo}, #{entity.mark1}, #{entity.mark2})
        </foreach>
    </insert>
    <!-- 批量插入或按主键更新 -->
    <insert id="insertOrUpdateBatch" keyProperty="id" useGeneratedKeys="true">
        insert into damcurvitydb.role(role_name, create_time, operator, project_id_list, role_info, mark1, mark2)
        values
        <foreach collection="entities" item="entity" separator=",">
            (#{entity.roleName}, #{entity.createTime}, #{entity.operator}, #{entity.projectIdList}, #{entity.roleInfo}, #{entity.mark1}, #{entity.mark2})
        </foreach>
        on duplicate key update
         role_name = values(role_name) , create_time = values(create_time) , operator = values(operator) , project_id_list = values(project_id_list) , role_info = values(role_info) , mark1 = values(mark1) , mark2 = values(mark2)     </insert>

</mapper>

