<?xml version="1.0" encoding="UTF-8"?>
<!DOCTYPE mapper PUBLIC "-//mybatis.org//DTD Mapper 3.0//EN" "http://mybatis.org/dtd/mybatis-3-mapper.dtd">
<mapper namespace="com.example.damcurvity.dao.SystemConstantDao">

    <resultMap type="com.example.damcurvity.entity.SystemConstant" id="SystemConstantMap">
        <result property="id" column="id" jdbcType="INTEGER"/>
        <result property="type" column="type" jdbcType="VARCHAR"/>
        <result property="val" column="val" jdbcType="VARCHAR"/>
    </resultMap>

    <!-- 批量插入 -->
    <insert id="insertBatch" keyProperty="id" useGeneratedKeys="true">
        insert into damcurvitydb.system_constant(type, val)
        values
        <foreach collection="entities" item="entity" separator=",">
        (#{entity.type}, #{entity.val})
        </foreach>
    </insert>
    <!-- 批量插入或按主键更新 -->
    <insert id="insertOrUpdateBatch" keyProperty="id" useGeneratedKeys="true">
        insert into damcurvitydb.system_constant(type, val)
        values
        <foreach collection="entities" item="entity" separator=",">
            (#{entity.type}, #{entity.val})
        </foreach>
        on duplicate key update
         type = values(type) , val = values(val)     </insert>

</mapper>

